title,company,location,link
JavaScript Developer - Location Analytics,Esri,"Redlands, CA",https://stackoverflow.com/jobs/396325
Senior Software Engineer - Where GovTech Meets FinTech,PayIt,No office location,https://stackoverflow.com/jobs/558419
Full Stack Developer,Mimacom,"Denver, CO",https://stackoverflow.com/jobs/556133
"Full Stack Software Engineer, Business Integrity",ByteDance,Singapore,https://stackoverflow.com/jobs/553099
Cloud Automation Engineer (m/w/d),Mimacom,"Stuttgart, Deutschland",https://stackoverflow.com/jobs/551994
Python Entwickler*in Remote (f/m/d),Ambient,"Köln, Deutschland",https://stackoverflow.com/jobs/493874
Senior Full Stack PHP Engineer (all genders),Goodgame Studios,"Hamburg, Deutschland",https://stackoverflow.com/jobs/566009
"Software Developers for our offices in Berlin, Hamburg, Göttingen or Abingdon",Evotec SE,"Hamburg, Germany",https://stackoverflow.com/jobs/524299
"Frontend Software Engineer, Business Integrity",ByteDance,Singapore,https://stackoverflow.com/jobs/553035
Frontend Developer:in (all genders),asgoodasnew electronics GmbH,"Berlin, Deutschland",https://stackoverflow.com/jobs/565657
Front-End Software Engineer,HENNGE K.K.,"Tokyo, Japan",https://stackoverflow.com/jobs/381280
Python Developer (Remote),Finsera,No office location,https://stackoverflow.com/jobs/524065
Senior Backend Engineer - Python,Cornershop,"São Paulo, Brazil",https://stackoverflow.com/jobs/515697
"Senior Web Developer (.NET Web Projects, Fully Remote)",BlueModus,No office location,https://stackoverflow.com/jobs/565450
Senior Python/Django Full-stack Developer,Apicbase Belgium,No office location,https://stackoverflow.com/jobs/515716
Senior Python/Django Full-stack Developer,Apicbase Belgium,No office location,https://stackoverflow.com/jobs/545356
Frontend Web Developer (m/w/d),EyeC GmbH,"Hamburg, Deutschland",https://stackoverflow.com/jobs/408135
(Junior) Full Stack Developer (m/w/d),MVZ Martinsried GmbH,"Planegg, Deutschland",https://stackoverflow.com/jobs/565919
Backend Software Engineer,Armored Things,"Boston, MA",https://stackoverflow.com/jobs/322319
Senior Front-end Developer (Remote),SORAMITSU,"Innopolis, Russia",https://stackoverflow.com/jobs/522571
"Senior/Front End Engineer, APAC",Coda Payments,No office location,https://stackoverflow.com/jobs/557316
Software Engineer – Frontend / Fullstack (m/f/d) remote or on-site,HolidayCheck Group AG,"Munich, Germany",https://stackoverflow.com/jobs/297720
(Senior) Frontend Engineer | Angular or React | Barcelona,Dynatrace,"Barcelona, Spain",https://stackoverflow.com/jobs/559775
Senior Full Stack Developer at Kogan.com,We Are Common,"Melbourne, Australia",https://stackoverflow.com/jobs/531156
Python Web Application Developer (Entry or Mid Level),"Cipher Tech Solutions, Inc",No office location,https://stackoverflow.com/jobs/561032
Senior Software Engineer (React),Higher Logic,"Montreal, QC, Canada",https://stackoverflow.com/jobs/536301
Senior Full Stack Developer at Kogan.com,We Are Common,"Melbourne, Australia",https://stackoverflow.com/jobs/531156
Python Web Application Developer (Entry or Mid Level),"Cipher Tech Solutions, Inc",No office location,https://stackoverflow.com/jobs/561032
React Front End Developer,"Daupler, Inc.","Kansas City, MO",https://stackoverflow.com/jobs/523351
Vue.js Developer (Remote),X-Team,No office location,https://stackoverflow.com/jobs/534462
Front End Software Engineer – HPC Products,DUG Technology,"West Perth, Australia",https://stackoverflow.com/jobs/528137
"Senior Web Developer (.NET Web Projects, Fully Remote)",BlueModus,No office location,https://stackoverflow.com/jobs/565450
Senior WordPress Developer,Curotec,No office location,https://stackoverflow.com/jobs/550906
Software Engineer – JavaScript + React,zooplus AG,"Kraków, Poland",https://stackoverflow.com/jobs/545496
Senior Python/Django Full-stack Developer,Apicbase Belgium,No office location,https://stackoverflow.com/jobs/515716
Full-Stack Technical Lead,SSENSE,"Austin, TX",https://stackoverflow.com/jobs/521737
React Software Engineer @ Nozomi Networks,Nozomi Networks,"Mendrisio, Switzerland",https://stackoverflow.com/jobs/526403
Senior Backend / Ruby on Rails Developer (Remote),iubenda,"Milan, Italy",https://stackoverflow.com/jobs/557310
Full Stack Software Engineer,Stable Kernel,"Atlanta, GA",https://stackoverflow.com/jobs/555631
Geo Data Visualization Front-End Developer,Esri,"Arlington, VA",https://stackoverflow.com/jobs/566041
"full-stack web developer (node.js, typescript)",code d'azur,"Amsterdam, Netherlands",https://stackoverflow.com/jobs/522428
Software Engineer (Migration),Odoo,"San Francisco, CA",https://stackoverflow.com/jobs/472407
Senior Software Engineer - Frontend,VIZIO,"Denver, CO",https://stackoverflow.com/jobs/522670
Casino games frontend developer,Giocaonline s.r.l.,"Milan, Italy",https://stackoverflow.com/jobs/512667
"Frontend Software Engineer, Customer Service Platform",ByteDance,Singapore,https://stackoverflow.com/jobs/541573
Javascript Software Engineer (Front End) - Unicorn,Gamesys Group,"London, UK",https://stackoverflow.com/jobs/559767
Pixel-Perfect Front End/React Developer -work Remotely for an Inc. 5000 Company!,OnePak Inc,No office location,https://stackoverflow.com/jobs/467318
Cloud Automation Engineer,tribe29 GmbH,"München, Deutschland",https://stackoverflow.com/jobs/547843
Senior Full Stack Engineer at Leading Education Company,Tynker,No office location,https://stackoverflow.com/jobs/494562
Remote Fullstack Entwicklerin (m/w/d),Ambient,"Köln, Deutschland",https://stackoverflow.com/jobs/552969
Frontend Developer / Headless Expert,Magnolia International Ltd.,No office location,https://stackoverflow.com/jobs/525573
Senior Software Engineer (React),Higher Logic,"Montreal, QC, Canada",https://stackoverflow.com/jobs/536301
"Front End Developer - Angular, JavaScript, jQuery, Agile, TypeScript",Mimecast,"London, UK",https://stackoverflow.com/jobs/376558
Javascript Software Engineer (Front End) - Unicorn,Gamesys Group,"London, UK",https://stackoverflow.com/jobs/559767
Casino games frontend developer,Giocaonline s.r.l.,"Milan, Italy",https://stackoverflow.com/jobs/512667
Software Allrounder (m/f/d),AnyDesk Software GmbH,"Stuttgart, Deutschland",https://stackoverflow.com/jobs/564248
"Frontend Software Engineer, Customer Service Platform",ByteDance,Singapore,https://stackoverflow.com/jobs/541573
Experienced Front End Engineer,AE nv/sa,"Leuven, Belgium",https://stackoverflow.com/jobs/523553
Frontend Web Developer (m/w/d),EyeC GmbH,"Hamburg, Deutschland",https://stackoverflow.com/jobs/408135
Software Engineer - Frontend,ZALORA,"Ho Chi Minh City, Vietnam",https://stackoverflow.com/jobs/536783
"(Senior) Frontend Developer (m/w/d), Remote, Köln, Hamburg, Berlin od. Gütersloh",Schüttflix GmbH,"Cologne, Germany",https://stackoverflow.com/jobs/525579
Senior UI Software Engineer,VIZIO,"Denver, CO",https://stackoverflow.com/jobs/522671
Senior Backend Software Engineer (US Only),"Pie Insurance Holdings, Inc.",No office location,https://stackoverflow.com/jobs/545524
UK-Based Remote Full Stack Web Developer (Angular / NodeJS / AWS),WUSTL International,No office location,https://stackoverflow.com/jobs/518475
Senior Web/Mobile Developer (m/w/d),Lotum GmbH,"Frankfurt am Main, Deutschland",https://stackoverflow.com/jobs/372988
Staff Software Engineer - OPEN TO REMOTE,The RealReal,No office location,https://stackoverflow.com/jobs/530699
Senior Full Stack Developer at Kogan.com,We Are Common,"Melbourne, Australia",https://stackoverflow.com/jobs/531156
Python Web Application Developer (Entry or Mid Level),"Cipher Tech Solutions, Inc",No office location,https://stackoverflow.com/jobs/561032
Senior Software Engineer,uShip,"Austin, TX",https://stackoverflow.com/jobs/537938
(Senior) Python Developer (m/f/d),tribe29 GmbH,"München, Deutschland",https://stackoverflow.com/jobs/526671
Senior Front End Engineer (Remote),Slido,"Bratislava, Slovakia",https://stackoverflow.com/jobs/519966
Software Engineer – JavaScript + React,zooplus AG,"Kraków, Poland",https://stackoverflow.com/jobs/545496
React Software Engineer @ Nozomi Networks,Nozomi Networks,"Mendrisio, Switzerland",https://stackoverflow.com/jobs/526403
Senior TypeScript and .Net Developer,MapLarge,"Atlanta, GA",https://stackoverflow.com/jobs/482097
Senior Software Engineer Web Front-end,ti&m AG,"Bern, Schweiz",https://stackoverflow.com/jobs/522271
Senior Full-Stack Developer,eBay,"Amsterdam, Netherlands",https://stackoverflow.com/jobs/541472
Casino games frontend developer,Giocaonline s.r.l.,"Milan, Italy",https://stackoverflow.com/jobs/512667
"Frontend Software Engineer, Customer Service Platform",ByteDance,Singapore,https://stackoverflow.com/jobs/541573
Senior Software Engineer Web Front-end,ti&m AG,"Bern, Schweiz",https://stackoverflow.com/jobs/522271
Experienced Front End Engineer,AE nv/sa,"Leuven, Belgium",https://stackoverflow.com/jobs/523553
Senior Software Engineer Web Front-end,ti&m AG,"Zürich, Schweiz",https://stackoverflow.com/jobs/522252
Senior Software Engineer Web-Front-end / .NET,ti&m AG,"Zürich, Schweiz",https://stackoverflow.com/jobs/522251
Software Allrounder (m/f/d),AnyDesk Software GmbH,"Stuttgart, Deutschland",https://stackoverflow.com/jobs/564248
Data Engineer - Where GovTech and FinTech Meet,PayIt,No office location,https://stackoverflow.com/jobs/557203
Senior full stack developer,Dynamic Planner,"Reading, UK",https://stackoverflow.com/jobs/557319
UK-Based Remote Full Stack Web Developer (Angular / NodeJS / AWS),WUSTL International,No office location,https://stackoverflow.com/jobs/518475
React Developer - Are you available for the most recognized sports retailer ?,Pentalog,No office location,https://stackoverflow.com/jobs/554216
Fullstack Software Developer (m/w/d) Open Source,Technische Universität Graz,"Graz, Österreich",https://stackoverflow.com/jobs/555422
Senior Full Stack Web Engineer,Runtastic,"Linz, Austria",https://stackoverflow.com/jobs/561448
Senior Software Engineer,uShip,"Austin, TX",https://stackoverflow.com/jobs/537938
Software-Entwickler für JavaScript / Node.js Applikationen (m/w/d) [100% Remote,elunic AG,No office location,https://stackoverflow.com/jobs/557315
Software Engineer - Web Front-end Product Development,ti&m AG,"Zürich, Schweiz",https://stackoverflow.com/jobs/522335
"Software Engineer, Web Platform [Mercari]",Mercari,"Tokyo, Japan",https://stackoverflow.com/jobs/562439
Front-End Web Developer - ArcGIS 3D Scene Viewer,Esri,"Zürich, Switzerland",https://stackoverflow.com/jobs/508672
"Full Stack Software Developer – C#, ASP.NET (m/w/d)",DOM Sicherheitstechnik GmbH & Co. KG,"Brühl, Deutschland",https://stackoverflow.com/jobs/561546
Backend Java Developer,Tradeshift,"București, Romania",https://stackoverflow.com/jobs/533090
Backend Developer (m/w/d) remote,best it AG,"Berlin, Deutschland",https://stackoverflow.com/jobs/513393
(Junior) React Front-End Developer,Jacando AG,"Basel, Schweiz",https://stackoverflow.com/jobs/565270
(Senior) Python Developer (m/f/d),tribe29 GmbH,"München, Deutschland",https://stackoverflow.com/jobs/526671
Senior Front End Engineer (Remote),Slido,"Bratislava, Slovakia",https://stackoverflow.com/jobs/519966
Senior Fullstack Developer (m/w/d) - für E-Commerce Agentur in Bremen,hmmh multimediahaus AG,"Bremen, Deutschland",https://stackoverflow.com/jobs/527118
Junior JavaScript developer,SofteqviaInvest Lithuania,"Vilnius, Lithuania",https://stackoverflow.com/jobs/543978
Remote Experienced Frontend Engineer - React,"TheoremOne, LLC",No office location,https://stackoverflow.com/jobs/562427
"Full Stack Software Developer – C#, ASP.NET (m/w/d)",DOM Sicherheitstechnik GmbH & Co. KG,"Brühl, Deutschland",https://stackoverflow.com/jobs/561546
Senior Software Engineer (Risk Management),tastyworks,"Chicago, IL",https://stackoverflow.com/jobs/556772
Backend Developer (m/w/d) remote,best it AG,"Berlin, Deutschland",https://stackoverflow.com/jobs/513393
Software Engineer,Odoo,"Ciudad de México, Mexico",https://stackoverflow.com/jobs/472421
JAVA DEVELOPER (F/M) FOR JAVA SOFTWARE DEVELOPMENT,Goldbach Group AG,"Berlin, Germany",https://stackoverflow.com/jobs/565770
Intermediate Front-End Developer,Derivco.,"Umhlanga, South Africa",https://stackoverflow.com/jobs/528641
Software Engineers,Eurovision Services,"Madrid, Spain",https://stackoverflow.com/jobs/504593
Software Engineer - Articulate 360,Articulate Inc.,No office location,https://stackoverflow.com/jobs/508367
Senior Front-End JavaScript Engineer,Canva,"Sydney, Australia",https://stackoverflow.com/jobs/150823
C# Developer für Webanwendungen (w/*/m),queo GmbH,"Dresden, Deutschland",https://stackoverflow.com/jobs/522414
(Junior) Frontend Developer (m/f/d) JavaScript,knowis AG,"Regensburg, Deutschland",https://stackoverflow.com/jobs/565774
Full Stack Mobile Developer (Flutter) (w/m/d),Lotum GmbH,"Frankfurt am Main, Deutschland",https://stackoverflow.com/jobs/526742
Front-end Developer,HOTMART,"Belo Horizonte, Brazil",https://stackoverflow.com/jobs/526776
Frontend Developer E-Commerce (m/w/d),Peek & Cloppenburg,"Düsseldorf, Germany",https://stackoverflow.com/jobs/565676
Senior Software Engineer,"Jack Henry & Associates, Inc.®",No office location,https://stackoverflow.com/jobs/558523
Senior Software Engineer UI,Lendi,No office location,https://stackoverflow.com/jobs/566007
Junior Software Engineer,Akselos S.A.,"Ho Chi Minh City, Vietnam",https://stackoverflow.com/jobs/411389
Full Stack Web Developer (m/w/d),EyeC GmbH,"Hamburg, Deutschland",https://stackoverflow.com/jobs/408137
Senior Front-end Developer,Marketer Technologies AS,"Oslo, Norway",https://stackoverflow.com/jobs/541502
Fullstack Developer (m/w/d) remote,best it AG,"Berlin, Deutschland",https://stackoverflow.com/jobs/512059
Full Stack Webdeveloper (m/f/d),starmobile GmbH,"Fulda, Deutschland",https://stackoverflow.com/jobs/392888
Software Engineer,Which?,"London, UK",https://stackoverflow.com/jobs/524001
Frontend Engineer,SQUAD,"Kyiv, Ukraine",https://stackoverflow.com/jobs/518176
Senior C# .NET Engineer / Developer (m/w/d) | on-site oder remote,Best Secret GmbH,No office location,https://stackoverflow.com/jobs/559935
Staff Backend Engineer (US Only),"Pie Insurance Holdings, Inc.",No office location,https://stackoverflow.com/jobs/545527
Senior Software Engineer (Risk Management),tastyworks,"Chicago, IL",https://stackoverflow.com/jobs/556772
Remote Experienced Frontend Engineer - React,"TheoremOne, LLC",No office location,https://stackoverflow.com/jobs/562427
Senior Full Stack Developer - PHP and VueJS (f/m/d),CA Customer Alliance GmbH,No office location,https://stackoverflow.com/jobs/528320
Intermediate Front-End Developer,Derivco.,"Umhlanga, South Africa",https://stackoverflow.com/jobs/528641
Front-End Engineer,Mixam,"Watford, UK",https://stackoverflow.com/jobs/523992
Backend Engineer - Tradeshift Engage,Tradeshift,"Aarhus, Denmark",https://stackoverflow.com/jobs/526909
Frontend Developer E-Commerce (m/w/d),Peek & Cloppenburg,"Düsseldorf, Germany",https://stackoverflow.com/jobs/565676
Senior Software Engineer UI,Lendi,No office location,https://stackoverflow.com/jobs/566007
(Junior) Frontend Developer (m/f/d) JavaScript,knowis AG,"Regensburg, Deutschland",https://stackoverflow.com/jobs/565774
Fullstack Developer (m/w/d) remote,best it AG,"Berlin, Deutschland",https://stackoverflow.com/jobs/512059
Full Stack Engineer,Odoo,"San Francisco, CA",https://stackoverflow.com/jobs/524056
Senior Software Engineer,"Jack Henry & Associates, Inc.®",No office location,https://stackoverflow.com/jobs/558523
Frontend-Anwendungsentwickler (m/w/d) für die Einheit Online Sales Services,Generali AG,"Aachen, Deutschland",https://stackoverflow.com/jobs/561215
Software Developers -  Gaming Tech,Derivco.,"Douglas, Isle of Man",https://stackoverflow.com/jobs/551468
Full Stack Engineer,Odoo,"Buffalo, NY",https://stackoverflow.com/jobs/558069
Senior Software Engineer / Ruby or Elixir/ Remote,The RealReal,No office location,https://stackoverflow.com/jobs/522850
Développeur Angular / Java,Digital4Better,"Paris, France",https://stackoverflow.com/jobs/515925
Senior Fullstack Engineer,Tradeshift,"Bucharest, Romania",https://stackoverflow.com/jobs/530234
Senior Entwickler Konfigurator (m/w/d),BUCS IT GmbH,"Wuppertal, Deutschland",https://stackoverflow.com/jobs/561560
Fullstack-Anwendungsentwickler (m/w/d) für die Einheit Online Sales Services,Generali AG,"Aachen, Deutschland",https://stackoverflow.com/jobs/561212
(Senior) Anwendungsentwickler (m/w/d) Frontend für Webanwendungen und Apps,Generali AG,"Hamburg, Deutschland",https://stackoverflow.com/jobs/559916
Senior Front End Engineer,Demand.io,"Los Angeles, CA",https://stackoverflow.com/jobs/555644
Remote Full Stack Java Developer (CA Only),"Sepasoft, Inc.","El Dorado Hills, CA",https://stackoverflow.com/jobs/565458
Full Stack Engineer,NN Group N.V.,"Den Haag, Netherlands",https://stackoverflow.com/jobs/557647
Senior Software Engineer / Ruby or Elixir/ Remote,The RealReal,No office location,https://stackoverflow.com/jobs/522850
Senior Entwickler Konfigurator (m/w/d),BUCS IT GmbH,"Wuppertal, Deutschland",https://stackoverflow.com/jobs/561560
Software Engineer - Web Front-end Product Development,ti&m AG,"Zürich, Schweiz",https://stackoverflow.com/jobs/522335
Software Architect,Derivco.,"Umhlanga, South Africa",https://stackoverflow.com/jobs/528637
(Senior) Anwendungsentwickler (m/w/d) Frontend für Webanwendungen und Apps,Generali AG,"Hamburg, Deutschland",https://stackoverflow.com/jobs/559916
Web developer,Intel Corporation,"Moscow, Russia",https://stackoverflow.com/jobs/530450
Full Stack Engineer,Odoo,"Buffalo, NY",https://stackoverflow.com/jobs/558069
Senior Web Angular Developer,MHR,"Nottingham, UK",https://stackoverflow.com/jobs/524829
PHP-ENTWICKLER (M/W/D),LOGSOL GmbH,"Dresden, Deutschland",https://stackoverflow.com/jobs/565325
Frontend Entwickler (w/m/d) Angular / Typescript - bundesweit & Homeoffice,objective partner AG,"Weinheim, Deutschland",https://stackoverflow.com/jobs/550883
Frontend Developer (m/w/d),RheinEnergie AG,"Köln, Deutschland",https://stackoverflow.com/jobs/506045
Développeur Angular / Java,Digital4Better,"Paris, France",https://stackoverflow.com/jobs/515925
(Senior) Full Stack Engineer (f/m/d),CoachHub GmbH,No office location,https://stackoverflow.com/jobs/504203
Java FullStack SE - Looking to disrupt the Mortgage Industry!,"Cardinal Financial Company, LP",No office location,https://stackoverflow.com/jobs/350467
Senior Python Softwareentwickler:in (m/w/d),JobRad GmbH,"Freiburg im Breisgau, Deutschland",https://stackoverflow.com/jobs/563123
Frontend Engineer (Angular) - Cloud Telephony (m/f/d),NFON AG,"Berlin, Deutschland",https://stackoverflow.com/jobs/505668
Software-Entwickler & Software-Architekt (m/w/d),Method Park,"München, Deutschland",https://stackoverflow.com/jobs/548553
Senior JavaScript Engineer (Canada Remote),Fullscript,No office location,https://stackoverflow.com/jobs/565695
Senior Webentwickler/in (80-100%),bbv Software Services AG,"Zürich, Schweiz",https://stackoverflow.com/jobs/431192
"Senior Fullstack Engineer (Java, Angular)",Celonis,"Munich, Germany",https://stackoverflow.com/jobs/551992
Frontend Entwickler (w/m/d) React / JavaScript - bundesweit & Homeoffice,objective partner AG,"Weinheim, Deutschland",https://stackoverflow.com/jobs/550884
Software-Entwickler Web-Techologie (m/w/d),PLATO AG,"Dortmund, Deutschland",https://stackoverflow.com/jobs/564535
UX Frontend Developer (Angular) (m/w/d),CIS Solutions GmbH,"Ismaning, Deutschland",https://stackoverflow.com/jobs/383538
Remote Full Stack Java Developer (CA Only),"Sepasoft, Inc.","El Dorado Hills, CA",https://stackoverflow.com/jobs/565458
Senior Full-Stack Web Developer,Genetec,"Vienna, Austria",https://stackoverflow.com/jobs/565772
Java Entwickler (m/w/d),ISO Recruiting Consultants GmbH,"Nürnberg, Deutschland",https://stackoverflow.com/jobs/566027
Developer Frontend/ Backend/ Fullstack m/w/d,MARC O'POLO International GmbH,"Stephanskirchen, Deutschland",https://stackoverflow.com/jobs/519513
Senior Full-Stack Developer,Derivco.,"Umhlanga, South Africa",https://stackoverflow.com/jobs/528652
Software Architect,Derivco.,"Umhlanga, South Africa",https://stackoverflow.com/jobs/528637
Full Stack Engineer,NN Group N.V.,"Den Haag, Netherlands",https://stackoverflow.com/jobs/557647
Web developer,Intel Corporation,"Moscow, Russia",https://stackoverflow.com/jobs/530450
Backend-Entwickler (m/w/d),Heimrich & Hannot GmbH,"Dresden, Deutschland",https://stackoverflow.com/jobs/562415
Softwareentwickler GUI / JavaScript (w/m/d),AVM GmbH,"Berlin, Deutschland",https://stackoverflow.com/jobs/559637
Full Stack Developer,Ensign InfoSecurity (Cybersecurity) Pte Ltd,Singapore,https://stackoverflow.com/jobs/534276
INHOUSE WEB­ENTWICKLER FÜR EINE BAHNBRECHENDE IDEE (M/W/D),WEILING GMBH,"Coesfeld, Deutschland",https://stackoverflow.com/jobs/562763
Senior Web Angular Developer,MHR,"Nottingham, UK",https://stackoverflow.com/jobs/524829
Fullstack Java Developer - for a cloud-based language training solution,Speexx,No office location,https://stackoverflow.com/jobs/521936
Senior Software Engineer Liferay,ti&m AG,"Zürich, Schweiz",https://stackoverflow.com/jobs/522316
.Net Developer,Smals,"Brussel, Belgium",https://stackoverflow.com/jobs/566034
Java FullStack SE - Looking to disrupt the Mortgage Industry!,"Cardinal Financial Company, LP",No office location,https://stackoverflow.com/jobs/350467
Data Scientist (m/f/d),starmobile GmbH,"Fulda, Deutschland",https://stackoverflow.com/jobs/528484
C++ Softwareentwickler (m/w/d),ISO Recruiting Consultants GmbH,"Nürnberg, Deutschland",https://stackoverflow.com/jobs/566026
Fullstack Web-Entwickler PHP/React (m/w/d) für E-Commerce Agentur aus Bremen,hmmh multimediahaus AG,No office location,https://stackoverflow.com/jobs/526714
Fullstack Developer (m/w/d),best it AG,"Berlin, Deutschland",https://stackoverflow.com/jobs/368833
"Senior Fullstack Engineer (Java, Angular)",Celonis,"Munich, Germany",https://stackoverflow.com/jobs/551992
(Senior) Software Engineer Magnolia CMS,ti&m AG,"Zürich, Schweiz",https://stackoverflow.com/jobs/522313
Senior Front End Developer,Which?,"London, UK",https://stackoverflow.com/jobs/524732
React/Javascript Frontend Senior Developer,Providus Technologies Limited,"Quatre Bornes, Mauritius",https://stackoverflow.com/jobs/518632
Full Stack Engineer,eBay,"Atlanta, GA",https://stackoverflow.com/jobs/556461
Full Stack Engineer (Application Engineer),Rakuten,"Setagaya City, Japan",https://stackoverflow.com/jobs/527726
Softwaredeveloper (m/w/d),Datineo GmbH,"Spelle, Deutschland",https://stackoverflow.com/jobs/564536
Senior AEM Developer,AIR MILES,"Toronto, ON, Canada",https://stackoverflow.com/jobs/539248
.NET Developer,Cleverlance,"Prague, Czechia",https://stackoverflow.com/jobs/538579
Java Developer,MUFG,"New York, NY",https://stackoverflow.com/jobs/559436
Deutsche Bank Lead Engineer - Digital Small Cap Banking (m/w/d),Deutsche Bank AG,"Berlin, Germany",https://stackoverflow.com/jobs/529662
Java Entwickler (m/w/d),ISO Recruiting Consultants GmbH,"Nürnberg, Deutschland",https://stackoverflow.com/jobs/566027
Softwareentwickler (m/w/d) PHP / Java im Bereich eCommerce,SECOMP GmbH,"Ettlingen, Deutschland",https://stackoverflow.com/jobs/565918
Javascript Reverse Engineer,eyeo GmbH,No office location,https://stackoverflow.com/jobs/561553
IOS Developer - Object-C and Swift,Cornershop,"São Paulo, Brazil",https://stackoverflow.com/jobs/515694
Product Owner als Entwicklungsredakteur (m/w/d),ZEIT Verlagsgruppe,"Berlin, Deutschland",https://stackoverflow.com/jobs/562662
Backend Developer (m/w/d),best it AG,"Berlin, Deutschland",https://stackoverflow.com/jobs/365057
Software-Entwickler C# / .NET (m/w/d) – Medizintechnik,Method Park,"Erlangen, Deutschland",https://stackoverflow.com/jobs/548555
Java-Web-Entwickler (w/m/d),parcIT GmbH,"Köln, Deutschland",https://stackoverflow.com/jobs/524192
Remote Senior Java & DevOps Engineer - US Citizenship Required,Intevity,No office location,https://stackoverflow.com/jobs/566031
Senior React Developer,BET Software,"Umhlanga, South Africa",https://stackoverflow.com/jobs/562563
E-commerce und Plugin / Theme Entwickler (m/w/d),SOLIT Management GmbH,"Wiesbaden, Deutschland",https://stackoverflow.com/jobs/518171
Senior Technical Support Engineer,emerchantpay,"Sofia, Bulgaria",https://stackoverflow.com/jobs/519479
Frontend Developer - Angular /m/w/d),hmmh multimediahaus AG,"Bremen, Deutschland",https://stackoverflow.com/jobs/528287
JAVA Full Stack Web Application Developer – Entry Level & Internships,LBi Software,"Melville, NY",https://stackoverflow.com/jobs/521892
Fullstack Java Developer - for a cloud-based language training solution,Speexx,No office location,https://stackoverflow.com/jobs/521936
Mobile APP Developers - Leading Electronics Company,Pyronix,"Doncaster, UK",https://stackoverflow.com/jobs/524940
Software Developer Team Lead,Derivco.,"Umhlanga, South Africa",https://stackoverflow.com/jobs/528640
Senior Product Designer,Olo,No office location,https://stackoverflow.com/jobs/529175
Fullstack Java Developer - for a cloud-based language training solution,Speexx,No office location,https://stackoverflow.com/jobs/521936
Frontend Developer - Angular /m/w/d),hmmh multimediahaus AG,"Bremen, Deutschland",https://stackoverflow.com/jobs/528287
JAVA Full Stack Web Application Developer – Entry Level & Internships,LBi Software,"Melville, NY",https://stackoverflow.com/jobs/521892
Mobile APP Developers - Leading Electronics Company,Pyronix,"Doncaster, UK",https://stackoverflow.com/jobs/524940
Software Developer Team Lead,Derivco.,"Umhlanga, South Africa",https://stackoverflow.com/jobs/528640
Senior Product Designer,Olo,No office location,https://stackoverflow.com/jobs/529175
Full Stack Developer (.NET+Angular) - Build state-of-the-art creatives,Pentalog,No office location,https://stackoverflow.com/jobs/554219
Fullstack Web-Entwickler PHP/React (m/w/d) für E-Commerce Agentur aus Bremen,hmmh multimediahaus AG,No office location,https://stackoverflow.com/jobs/526714
Site Reliability Engineer (SRE/DevOps) – Live Services,Creative Assembly,"Horsham, UK",https://stackoverflow.com/jobs/562570
Frontend Developer,Octopus Energy,"London, UK",https://stackoverflow.com/jobs/533659
Lead Software Engineer,Vodafone,"London, UK",https://stackoverflow.com/jobs/533128
Web Engineer,Numbrs,No office location,https://stackoverflow.com/jobs/524105
Geoscience Software Developer (User Interface),BGS,"Nottingham, UK",https://stackoverflow.com/jobs/565890
(Senior-)PHP-Fullstack-Webentwickler (m/w/d),Curacado GmbH,"Planegg, Deutschland",https://stackoverflow.com/jobs/562279
Remote Senior Java & AWS Developer - US Citizenship Required,Intevity,No office location,https://stackoverflow.com/jobs/565496
iOS / Swift Developer (Remote),X-Team,No office location,https://stackoverflow.com/jobs/534448
Senior Front End Developer,Gamesys Group,"London, UK",https://stackoverflow.com/jobs/559765
Senior Front End Developer,Which?,"London, UK",https://stackoverflow.com/jobs/524732
Ruby Developer,Vodafone,No office location,https://stackoverflow.com/jobs/560706
React Native / Node.js Full Stack Developer,Food Revolution Network,"Santa Cruz, CA",https://stackoverflow.com/jobs/565956
PHP Softwareentwickler (m/w/d) remote und/oder in Jena,igniti GmbH,"Jena, Deutschland",https://stackoverflow.com/jobs/524422
Senior Full Stack Web Developer,MapLarge,"Atlanta, GA",https://stackoverflow.com/jobs/99708
"Graduate Software Engineer, Linux-based development",Canonical,No office location,https://stackoverflow.com/jobs/565622
Senior UI- und UX-Designer (m/w/d) für die Einheit Online Sales Services,Generali AG,"Aachen, Deutschland",https://stackoverflow.com/jobs/561217
PHP Developer (f/m/d),Fusonic,"Götzis, Austria",https://stackoverflow.com/jobs/195184
Frontend (UX) Engineer,Pinnacle 21,No office location,https://stackoverflow.com/jobs/561044
Software Developer Team Lead,Derivco.,"Umhlanga, South Africa",https://stackoverflow.com/jobs/528640
"Développeur .Net Sécurité (possibilité de télétravail à 100%, partout au Québec)",Grics,"Montréal, QC, Canada",https://stackoverflow.com/jobs/543736
Senior Full Stack Developer,AutoRek,"Edinburgh, UK",https://stackoverflow.com/jobs/520638
Senior Javascript Developer / Tech Lead,Insites Digital,"Hitchin, UK",https://stackoverflow.com/jobs/531166
Senior Development Engineer (Android),Rain Bird Corporation,"Tucson, AZ",https://stackoverflow.com/jobs/555339
React Native / Node.js Full Stack Developer,Food Revolution Network,"Santa Cruz, CA",https://stackoverflow.com/jobs/565956
Senior .NET developer,emerchantpay,"Sofia, Bulgaria",https://stackoverflow.com/jobs/519494
Full Stack Developer,Checkmarx,"Braga, Portugal",https://stackoverflow.com/jobs/531560
Backend-Entwickler (m/w/d),Heimrich & Hannot GmbH,"Dresden, Deutschland",https://stackoverflow.com/jobs/562415
"Senior Web Engineer | TypeScript, React.js, Next.js | High Traffic E-commerce",Dé VakantieDiscounter,"Amsterdam, Netherlands",https://stackoverflow.com/jobs/557189
Java Entwickler (d/m/w),DEVK Versicherungen,"Köln, Deutschland",https://stackoverflow.com/jobs/524968
Frontend/Web-Entwickler WordPress,onOffice GmbH,No office location,https://stackoverflow.com/jobs/552287
"Sr Full Stack Engineer - US & Canada Remote (.NET core, NoSQL, React, AWS)",Lone Wolf Technologies,No office location,https://stackoverflow.com/jobs/523487
Senior Java fejlesztő,UNIQA Raiffeisen Software Service Kft.,"Budapest, Ungarn",https://stackoverflow.com/jobs/515490
System Architect (m/f/d) for Cloud Solutions,SupplyOn AG,"Dresden, Deutschland",https://stackoverflow.com/jobs/549094
Back-end Developer,InteractioviaInvest Lithuania,"Vilnius, Lithuania",https://stackoverflow.com/jobs/543984
Senior ColdFusion Developer,Tomorrow's Guides,No office location,https://stackoverflow.com/jobs/559343
Senior Web Developer,ti&m AG,"Zürich, Schweiz",https://stackoverflow.com/jobs/522317
Fullstack Entwickler (m/w/d),CIS Solutions GmbH,"Ismaning, Deutschland",https://stackoverflow.com/jobs/371070
Data Scientist (m/f/d),starmobile GmbH,"Fulda, Deutschland",https://stackoverflow.com/jobs/528484
(Senior) Consultant Digital Experience und Marketing,ti&m AG,"Zürich, Schweiz",https://stackoverflow.com/jobs/524920
Fullstack Developer (m/w/d),best it AG,"Berlin, Deutschland",https://stackoverflow.com/jobs/368833
Front End Developer,Insites Digital,"Hitchin, UK",https://stackoverflow.com/jobs/531167
Sr. Cloud Support Engineer,"Sailpoint Technologies, Inc.","Austin, TX",https://stackoverflow.com/jobs/536838
Full Stack Engineer,eBay,"Atlanta, GA",https://stackoverflow.com/jobs/556461
Open source stack software engineering lead,Canonical,No office location,https://stackoverflow.com/jobs/564537
UI/UX Designer,AutoRek,"Edinburgh, UK",https://stackoverflow.com/jobs/520641
LEAD INSTRUCTOR - WEB DEVELOPMENT [German speaking ],WBS Gruppe,No office location,https://stackoverflow.com/jobs/529169
(Senior) Frontend Developer (f/m/d),"AppLike Group - justDice, adjoe and Sunday","Hamburg, Deutschland",https://stackoverflow.com/jobs/526490
Senior Front-end Engineer,Cribl,No office location,https://stackoverflow.com/jobs/552179
Senior Product Designer (UX/UI) for Leading Kids Coding Platform,Tynker,No office location,https://stackoverflow.com/jobs/494563
Salesforce Engineering Manager (Q-Commerce - Local Shops) (f/m/d),Delivery Hero SE,"Berlin, Germany",https://stackoverflow.com/jobs/565645
Senior Front End Web Developer,Kettle,No office location,https://stackoverflow.com/jobs/378531
Senior PHP Developer - Remote (Europe),GameAnalytics,No office location,https://stackoverflow.com/jobs/565754
.Net Developer,Smals,"Brussel, Belgium",https://stackoverflow.com/jobs/472397
Atlassian Expert: US (Remote 100%),Modus Create,No office location,https://stackoverflow.com/jobs/565755
LEAD INSTRUCTOR - WEB DEVELOPMENT [full time || part time],WBS Gruppe,No office location,https://stackoverflow.com/jobs/556317
Product Security Engineer,Nozomi Networks,"Mendrisio, Switzerland",https://stackoverflow.com/jobs/526404
"Développeur .Net Sécurité (possibilité de télétravail à 100%, partout au Québec)",Grics,"Montréal, QC, Canada",https://stackoverflow.com/jobs/543736
Sr. Software Engineer (Full stack Java),MUFG,"Charlotte, NC",https://stackoverflow.com/jobs/559425
Senior Software Engineer - User Interface Development,"Jack Henry & Associates, Inc.®",No office location,https://stackoverflow.com/jobs/561040
Senior Javascript Developer / Tech Lead,Insites Digital,"Hitchin, UK",https://stackoverflow.com/jobs/531166
Senior Front-End Developer,Derivco.,"Umhlanga, South Africa",https://stackoverflow.com/jobs/528639
DevOps / SRE Engineer (f/m/d),HeidelbergCement AG,"Heidelberg, Deutschland",https://stackoverflow.com/jobs/555115
Engineering Manager,AMBOSS,"Berlin, Germany",https://stackoverflow.com/jobs/524863
UX Designer (m/w/d) 100%,Gardena GmbH,"Zürich, Switzerland",https://stackoverflow.com/jobs/531444
Deutsche Bank Lead Engineer - Digital Small Cap Banking (m/w/d),Deutsche Bank AG,"Berlin, Germany",https://stackoverflow.com/jobs/529662
Front End Engineer (Angular),Modus Create,No office location,https://stackoverflow.com/jobs/565930
Lead DevOps / SRE Engineer (f/m/d),HeidelbergCement AG,"Heidelberg, Deutschland",https://stackoverflow.com/jobs/555118
Full Stack Engineer (m/f/d),Relayr,"Katowice, Poland",https://stackoverflow.com/jobs/544460
Engineering Manager,AMBOSS,"Berlin, Germany",https://stackoverflow.com/jobs/524863
UX Designer (m/w/d) 100%,Gardena GmbH,"Zürich, Switzerland",https://stackoverflow.com/jobs/531444
Laravel Jedi,Creative Force Ltd,No office location,https://stackoverflow.com/jobs/527987
Sr. Cloud Support Engineer,"Sailpoint Technologies, Inc.","Austin, TX",https://stackoverflow.com/jobs/536838
Full Stack Engineer (m/f/d),Relayr,"Berlin, Germany",https://stackoverflow.com/jobs/544458
Front End Engineer,"Betterup, Inc.",No office location,https://stackoverflow.com/jobs/523559
Senior Frontendutvecklare - React,Learnifier,"Stockholm, Sweden",https://stackoverflow.com/jobs/506872
Lead WordPress Engineer,XWP,No office location,https://stackoverflow.com/jobs/513454
IT Enterprise Applications Oracle Developer,Quantcast,"San Francisco, CA",https://stackoverflow.com/jobs/442203
LEAD INSTRUCTOR - WEB DEVELOPMENT [German speaking ],WBS Gruppe,No office location,https://stackoverflow.com/jobs/529169
(Senior) Frontend Developer (f/m/d),"AppLike Group - justDice, adjoe and Sunday","Hamburg, Deutschland",https://stackoverflow.com/jobs/526490
Senior Product Designer (UX/UI) for Leading Kids Coding Platform,Tynker,No office location,https://stackoverflow.com/jobs/494563
Senior WordPress Engineer (Remote),XWP,No office location,https://stackoverflow.com/jobs/507941
Sr. Software Engineer (Full stack Java),MUFG,"Charlotte, NC",https://stackoverflow.com/jobs/559425
"Principal Software Engineer, Visual Interfaces (Front End / Full Stack) - London",Synthace Ltd.,"London, UK",https://stackoverflow.com/jobs/554537
Front End Engineer (Angular),Modus Create,No office location,https://stackoverflow.com/jobs/565930
User Experience (UX) Designer/Researcher - Entry/Mid-Level,National Security Agency,"Fort Meade, MD",https://stackoverflow.com/jobs/565899
"Développeur C# C++ (possibilité de télétravail à 100%, partout au Québec)",Grics,"Montréal, QC, Canada",https://stackoverflow.com/jobs/521898
Full Stack Software Developer,Limelyte Technology Group,"Spokane, WA",https://stackoverflow.com/jobs/565751
Senior Full Stack Developer,Tyk Technologies,"Atlanta, GA",https://stackoverflow.com/jobs/565884
Modern Infrastructure and Security Architect - Remote,MUFG,No office location,https://stackoverflow.com/jobs/559431
